kerb,crush01,crush02,crush03,crush04,crush05,crush06,crush07,crush08,crush09,crush10
7MAwYzMpf1HDXHdm,cRV91OTaX82LVJUG
9UZzLzOHROqJHwBY,ypJkZywnPuafm02Y,CFRjzZGqYIYhzSsw,xSFnkmfD4pju1HET,UnINIz4XBLfPCXE0,G7mWYeqsSFe9Laxk,qyPmPXRtodFDmBNN,lLxhoKBowI4NHEXB,8SjofMWo2NB99DUq,83AfumnlrsbcbiQx
6GnoSCT9RU5Wqlot,CUeXTpXx45V6mUya,aE5eolUWnGQbRpYg,cagTv99kJYhKhycq,ZDxEfa5xAXwpsyM1,6Kh7qo9WbT4ptT25,Hh5nj3FHkYNMA2fZ,5Rns1GdNYh821nCV,kaksaesHvxnA2AHu,UKk8XO10xmMvNyIr,yRRteLNV4wkc3aor
YFkGL0N6kk88823o,wviHkn5cryQla6Mw
r0RFDruayovt2Rse,1R6Y1tcvlIerS7Kk
2n3jERRGxACRq1Oc,5NkhJcqY4pTQ8155
sUfe822HpF8SPWmJ,oWFwdXvHQ7JlwW93,xYUP4pxmpXBrZDJk,X7bvI8WgAgQSbDUe,gaPpQPNraU7PCDLG,0zXti6CmKFzX2jtU,fQtEW72aBM8XynMt,ONUYRLAhIuxkOD6X,teIGadDR5ENuVuvc,elOuwLSMPnXR6PY8,6iKZUWrKo3w26g0y
ioorPH5quYaXLRV5,eTVlgpfcx1k5VYvo
7kz6cKX0Sd8vHrqR,UQHgJ8e8b6yRMXX8
jyLmr3JQZeBBlVRz,kuyidsQFKtfDdTb5
vkursX7TGq0MXtv4,Bj7rOYW05XIXEHRA,Ri5AokTcGq5BEN1b,GDTij0oDySOHORDq,6s25kTy4CzjYeM4B,nCLxHcQlhPqDAwNx,kGuKTCQhCLjbpPH3,Krj1CqKq1DNPLtkY
E4hVWh1QunaOTXWi,nE1XkFX6yF34T0cr
WoTiHdLqSutlfYoR,SvsMQLfes5P1XuYY
bnob4QXcqNFazuDV,Nwt1RyB6omKthI7p
5U6UsizQx2LZbcmq,NjqI6BX4RtYcnrSh
cSulg5mPzt04HXiA,xSFnkmfD4pju1HET,G7mWYeqsSFe9Laxk,YxM9rTDCeCadaBGq,GG5BCoWlziyM9xoy,B6hlOxh6lZiCH3lA,UnINIz4XBLfPCXE0,qyPmPXRtodFDmBNN,Y0oMXIrBmuSGNXmN
75u8CGItmXgcFrWM,MemZUrR6kR7WhYZ4,lQalv4DFNlnd0Dwl
NKDu5AkW80mdK7e6,1y2mLgeRis84Z0Jw,xr428Bo0zkddhPUD,gPuSCxr7SiTk8hYS,QgPaC3AJviOwdyU9,S0sEGNS09G1G7RJm,5P7JmlLIZwEGH2iF,TqhA7DA4K6HqTmzI,MAJbldQwN2WfBtxf,g6E0BavMgfvAA12Q
h4zkeX7ON7ytfijk,a4lrVOWjHPd4HUIM,UPhN2oGicfCkPBcP
d48qsMVaapjTXvVv,gsqpcYOd2OpzlZzz,hr6JjaCWoT4CttTn,4JIQobXspgevZadk,4f8bkXUgcBaMm4UN,hgrMqjUCMsfS3gth,9oQz1UpI3w2Hjgb2,q6b9TiFJr2CBu5Kg
Jmfd8aNjljiP1ceR,DkzENVKLvq6ZIAUK
CD8RZSJ73kuHH9Iw,VXElRETFTNX8rMDt,RRsmjRTrSNXoBR9q
wpijJQdGGbLXJadn,3Z4xEBdlwB3fg93D,wXZEW1co9SojTquM,qcjktQ1i6kgTjKJb,dlzPB7DCFccL0ee4,fitQ2xnVByAnXUIo
qL5cz4BZRCsNv7Jg,aVtQJd6gfuOs7KUh,cQAaFo7gs8R6cFwX
lE9b0fIRK807MZo7,F5fDkiMGBcpT5Bxw,x5UqMcYVruf535F6,4Ldj0Carck65dDL8
NGOvibbFdJWASN5v,NGOvibbFdJWASN5v
GOhAspUvs5FsnXDx,wXZEW1co9SojTquM
P85S58u8uDueqS5Z,zdm6btRCv9zVY01L
8m5lSmXqu31Kc9wj,mGYRImwftYPyMFYM,dWCrb8mf4x2mVK74,WeS8KCGHlyvV72rU
oY63o5hBRIoMiRjX,PfosA9n8VN8lgSYk
JaUgrZ3OnWji54uw,XE78uAg3DcSwvIld
FDPXqqupc6aCdwrj,Gg8YBNj6HfkQVpUe,EBFXMSyrU0LqZvxG,xYoKxDbDMjC6qZJa,Nwkr5l5JGntXD4Zp
UDnliz34FmJsf17X,e4tTjx2hMYAGADQE
vOVDIk3Z4JHKWdtW,METDmeMH1tvdgrL2,DsVwldNgUc8zVL2G,aR4JKMRJKRF0uY1v,oSe6wJa97ReuUCfj
d65HSWZrW8Q9YINC,jASF76GMRIAXdF9w
RUkY3WGAxOBgGP1t,OtNZubXoNphj7Qsq
Ll6WGUJJhgEB7tZL,s8SGLnBVsuY3F9mR
Hsjie0cXB3BVhEKe,U4QPoqi4DUPTrQUu
WLJ5W6kNCg3YYIDy,stPNyIpnvTMZTlgw,TN4CftsDiuX7GdS5,weUK95misIbljuxB
LiFIv6OHGxyGmFRi,qbHq2QhTSMGAfTgc,Sh0L2foRuGVKItSr,2fXz21cxZjiosLb6,SV80LNkDbYQs3XXH,V9WaVsvCut8tUkWR
gADbIbWdQWE5Av1i,gADbIbWdQWE5Av1i
xxZo7NZnC2Bw4F2J,bIGfXeOCSAAJx5iM,dmTCANhp8PI6MBJn,0HdgJ4msDQ0OXYZw,GnkuDQj3wUjyRRDR,M2NEBjplJkusuu7M,dh8qfJ0Gw6vMZucC,TYqJWUEYyiTH5m2e,Bf4gu9wou6WbpBvL,f00HNzzbkFn7vFMp
5ULwlsxS9PgWIgzf,4wZg5CKo2FCWdOSj
O2QIsOyWIFCstmj0,JxIlCT0SOyMTYFnf
9t70R17fw257rW04,kswHQAstaPeVaJ0S,BmGclKLyNLMDVEv3,NNYms2akZAqMnCF6,GxbLIhQjvMvVBRpL,7mg8U51oNGVu8IWO
bIP9u860K1PROXpF,WEjwfGuN9niLrFG3,XIynhooZa86mPdBo,FbYxQdVmeztrPalO,3CMhxc8jonkdPfRZ,BGhjLUdPQl47zLSu,Nm4DPMdZ645irAfY
3Y2BhglfxXC5NonU,uiYzphEE0cSSy8lE,5neUqXa5QA3KYY7Y
bPunIohXg5FJFKOO,6CBUT6e84Knz8KJY,HUqNMIWQhAAiNS37,ht4ZD8z4G8lJUMR5,D4z8KHgW96Yvka4s,lLxhoKBowI4NHEXB,6dV9WIZGxnt1qXgv,kuyidsQFKtfDdTb5
7PzD5xUdaEw3EPRt,5neUqXa5QA3KYY7Y,ak4jdmcN55IM2rNW
FHjvpOz4d0TQCI9o,c3ykGMy18N4k8f92
nHYhI53bHvfiQFbU,81K61sYI09iU8GBk,VOLHGZO7SBsMehv4
NfzeFfxgMr66dVQU,pEXVyc4J8Dayr7ww
Qz3iZMwqp8jCwb67,d65HSWZrW8Q9YINC
uCZqIfh5BMpfo3v0,dS40ukn3cthdnP12,JiGy26gbvNreAk3t,4UEVRFOdp012DCNH,1Mc6Zp0xkkINCpJr
zthicFnWaldqIoUM,HbIorCvzX3dsQP4d,1s9gfvJgiZyP6YwL,4vjVQFQF2YQx1hnj,wA4A5CcoF5YojC9b,r3HeDbJqs92ZsBNx
6CBUT6e84Knz8KJY,GDTij0oDySOHORDq,bPunIohXg5FJFKOO,ht4ZD8z4G8lJUMR5,HUqNMIWQhAAiNS37,D4z8KHgW96Yvka4s,lLxhoKBowI4NHEXB,mp3lSzLczpdYlgo4,V8MTboVFacA0GTIz,GDTij0oDySOHORDq
gAXAu9a8upQyMB4y,6WPQ4z19iagQ0H4p
wql9HMH8iCukLXzm,PxOMfk972eCA9aNi,Xe3VLDKdsywCgM3y,dj7NCfXj4G32Q5Y1,AovM6chx8hIV3vkg
Qir1KkzQw404Qiq4,Ta6CfwqAEjJ8VfhI
kswHQAstaPeVaJ0S,yMYRA1PnL4A0nsrw
nE1XkFX6yF34T0cr,E4hVWh1QunaOTXWi
O8UbuVdE9tQv8m5j,yYaTD0lZvspVrR3z,dvYd30z6ZGMcv2lk,VhTeVBfgUEIZ7uDE,YU4fPXZki40ZCM6U,6tsxO0XT4EyNaFBM,wr8ijTypb2IJoY1f,vR8XivPfVl3ffDwr,cRV91OTaX82LVJUG,caH5H8vqcrn8QZbS,2u0tvFhT55rmFa8S
imIDgE13EmawSOqL,dvYd30z6ZGMcv2lk,TsCl6CKEI4qvzBRD,rZc4oW7kvQA9MwDi
Jgey7Zh0Ier6w84P,7cThF3QdFCw5Rodt
5Rns1GdNYh821nCV,SgXWphP7qRkgXNlM,u1zu27yLUMGy8r6H,xh2EPGVRBg2Ky5FS,qXLVFjlsmMbB9ZIR,CKqmXP30iWu7vlYu,T10VQkUwGS4rXe7f
zQb2aln4BCCLZOUM,s0eGGet5NfehaFRg,xBIgKOdEkdixe8IF
0mY6VadeeBnLtQge,Jmfd8aNjljiP1ceR
HBspo9kxX50mL4jR,lEy8Acl4r4gKdlFz,Ej1BoAAzVYMBxnAv,NVB7qzT9FkBuYE3k,5qO4xwt8amoqy565,FhCP2UXkH94ZcxhD
hEeYe0GcFZTZKA2F,9NWSquATHUffyC42,f1BUYhQ6WmibVAtx,sDScvP1HhNux9Z7g,NCzz27z21S8csvaX,CD8RZSJ73kuHH9Iw,TRTjfeVpyoNI9hmm,DNytEh1gKnEFIYay,hcYA8ki3riG40UIc,3s69ig6TgshSzGYN,BmGNOposxNqENm9e
UKK7j5vyDZfeDNkB,yhIkeI2QTEg99cWk,UQHgJ8e8b6yRMXX8,7kz6cKX0Sd8vHrqR,oEvnbDwawwEytoxF,O5Z1zBPUwOlaMv27,oAc1x4AYXw0EOMMv,0NmwxlggzaVZPBXQ
14thQqP4TSl016RT,c4I3aypQprVnkmc0,1kunC3WjqJL6tzuW,7sP35bm1Bm74DnhW,740PR3iHaaxnOZQs
hsGOfUp0auWDMIgp,A7Qs1A4zATeRBwDZ
g8Ad1gJTpfRsjfff,xgL8ELvdC48VE57o
UnINIz4XBLfPCXE0,xSFnkmfD4pju1HET
Ej1BoAAzVYMBxnAv,W6roy5jEdwEXS53p
YDxOljkyqo46xKJz,aT4EnQf6g1hCNzcD
q79cErvHgGc17vVP,HQZf7SQCwF7Rkd4O,QngvPCFMpWQcaRc8,JKtzfNAD53OAhTi4
7SQUTppjsUNvHpwf,EkdjigqKUA3qXqvB,R15FwNs2RLRzATHT
dS40ukn3cthdnP12,FkPbZuBuWBSjZyUH,sDgC8V18xPrLnubX,P85S58u8uDueqS5Z,MqdMN7GGp259Jq8e,Onlcd3n0tVDMqlbl,DfIQPYPnn6Ef0d4w,tJhO8G0T4pH8UIAw
NRxfJN67yKTbzCmd,TWFIIbDX2NM5T2M5,8XyDN9hEbxI5Y74Q
iBz1gcpDR1GNNE9a,is9e2LUdov4cJ8aZ,n9cXa4YiCSqn371d,c8zSEqTxiRbBclst,8HLvnqcIbFSWn2kR,vQP6E2gLSq3N7xvH,wlP1l7Xs1Ozw6CJy
W7xi1woRNaRKIyY8,nQnS6uOq9eHw7I1f
G7mWYeqsSFe9Laxk,B6hlOxh6lZiCH3lA,B6hlOxh6lZiCH3lA,B6hlOxh6lZiCH3lA,B6hlOxh6lZiCH3lA,B6hlOxh6lZiCH3lA,B6hlOxh6lZiCH3lA,B6hlOxh6lZiCH3lA,B6hlOxh6lZiCH3lA,B6hlOxh6lZiCH3lA,B6hlOxh6lZiCH3lA
lbcX43tyOR8tnBtY,Cq6VwozJFU0eUUG8
afpbi9GZohyB0L6h,X8dVtar1IIClDs2c
A7Qs1A4zATeRBwDZ,hsGOfUp0auWDMIgp,ejDBRzAowqVZfgbd,8m5lSmXqu31Kc9wj
rzeYmyB0hrIhl8LJ,X8dVtar1IIClDs2c
JiGy26gbvNreAk3t,4UEVRFOdp012DCNH
fypw4LIM9NGSpQfH,x8tklOQlE3Ztar3d,FDPXqqupc6aCdwrj
Z469nNT5b6wkHp5N,ck7SH8lOdRHtKJ5S
5XNYCXfpcNikJcct,FmTWIXyUpiqn38fC
JLKBR39pu0OUipuE,jZk7qYAUU7nOVRoN,tfFWGD2Tp18dtDT2
ikkYaD3z6oGhUehV,JbDRdlV3hRYF3enZ
2fXz21cxZjiosLb6,nvETz4bbcGPKGRrc,emQ2tSJPDfjuRd04,3giZCV1V7E1t6lri,qbHq2QhTSMGAfTgc,NATRwaAwKMrCCtee,ZC7XKEZZp8AzmfG1,ujukK7iOW8YkT2Q8,v4D2aDHaygOxwkCK
WszrxZcpg8oX51lE,50pvx9enSMd6gkrH,HJQ8Opxmy2qik9Ee,w4XFz9StjrpVn4jc,FbYxQdVmeztrPalO,UllV9bJXSWnidaSq
AY22WUNu04auRHsz,OcCbUfsPwC4d9ySz
Q3JHakOPq6eQoKTB,7uPOs2FhnUkjWRKW,j7JHEQBPnEZVBRWD,CG1UsuKSmUtmQJxE,TCc1VVwyklZbTEZf,NhG9cTRMWaZuINLw
8qHKdBWvU7iaKcGp,zLSh8I563ZVv60hZ
V49PQbGckv3yR6Da,y6DdwpYCQLtD1bfh
lw6IyN39A8WcqvNm,i4LQp8kunqIMUKQC,nctQZ4iB45wTlg9g
qEyITOiPTaX9DF8B,c4OORwengnR1TtGy
4UEVRFOdp012DCNH,JiGy26gbvNreAk3t
ugh6HgZUHDXiCfIz,vkursX7TGq0MXtv4,vOVDIk3Z4JHKWdtW
WluR9NMqmncCAhpn,roiJFoCJaZk08wQ0,AN071IRX7E2Re1Yz,HAX06Ktba8sVC9Q5,PLEIFlrNvdc5oZEE
HEdGw2HIcuAstwGA,xTUC8SGJHwPXYU7u
g7uq3JClagVpdQAI,YtfSw9Y0BuvnMDq9
RfYWuFWH7FtgPP7S,NDhXYPuEgOpTyQA7,jASF76GMRIAXdF9w
sdDXzrn5NNhwW6xZ,j0mnsUz1UqX0EQGB,Ul5OkO7WGkYe8oWr,bI3f8zOJJwRXIQGI
zkf52pPJhuxlEhSw,4JxBvRN3GFw90x7O
IKJ7c94bSn05ZbGe,xKACiQbtKFVyQslF,KzubSFMHDqypRtXa,jJc4lOFagxVPgB3D,x8tklOQlE3Ztar3d,1kma0aE92sXxVM81
JtdJIKCLnCoqu18d,XT07ExOQx2UFzcqt
KzubSFMHDqypRtXa,8lDyxoskofMN4sRu
EUQf0UDX5N7g0Z5v,Yw8jIefgqzTnhlde,019LRgezm61fqMBB,bhBYPodkDrxOy65C,j0mnsUz1UqX0EQGB,weUK95misIbljuxB,jSYFm8jYPNEauVkA,cPEAEKP9mbByJIrc,pypTzq3SoeHzvciL,4e47dB48q5SKDpEn
R83x5hlggjJE2gc5,FLZZveK15QKC5dnU,nBxhP20jO7fjGxiO,ERDIJdEuQFO1Brkw,UUNXdqIH7fu6cI9S
PF8v3omzpkyz8DRG,cfSRZCPELC0pRMz6,WhCj0TUna3n0pQzb,Bwbtsf9FncLwFfLD,HaX5cuu9qvVCGekG
3Z4xEBdlwB3fg93D,wpijJQdGGbLXJadn,JwZ7guJu1RLmmc7F,2fdtJn0Fdyms9wDu,Jmfd8aNjljiP1ceR,V3RppRtRjjhgGg3x
6NS3rEq7cooVXODO,xm0KDaT5JA2WE7fF
6yLTDGXpz5RfSlAj,gkqW3jt4gto6MVZD,26AUvmkUjRoxZacZ
0lkta4nP7gilqinb,I7NyTcV9cTV7NPUV
xO4w27vD0QFFRIwp,DBWkcBggnBe97099
Ri5AokTcGq5BEN1b,ApuGtcqpdghr5tgn
nQnS6uOq9eHw7I1f,4paqFSlFxUe54O9w
rRqnm30xB3elpQk9,MtKwhiuDzO6153S4
gTogrAbF3usSQfTW,aYJyqFNUd8qLOdF7,8XyDN9hEbxI5Y74Q,fzn39itz0YteDRJa
PTWAqSD5I4ygwKmK,2kwY2AWPomnryz9x
CPVX0QI8Mobgr5cN,d65HSWZrW8Q9YINC,jOdrwmAHyfRHFfi9,Qz3iZMwqp8jCwb67,kySBQA0uS8ih7GrZ,IKJ7c94bSn05ZbGe
ekhcwl7GYDDfV9EJ,UsIvIL0bP3fHcZzV
L4csMMlEaBdxCk4m,UcEERTwnI5Fi6uwL
bmj0LSs9tw5dy0Dw,wsgdFsH6wyBdyO4N
4n86xs89idyqwC2u,noamXe1Pt21iumtn
HUqNMIWQhAAiNS37,bPunIohXg5FJFKOO,kuyidsQFKtfDdTb5,6CBUT6e84Knz8KJY,D4z8KHgW96Yvka4s,lLxhoKBowI4NHEXB,ht4ZD8z4G8lJUMR5
fjPOVs3l63rumXoG,zTcawN2kjlIWMpOW,zTcawN2kjlIWMpOW,ynhyNqI87TMoArKO,zTcawN2kjlIWMpOW,zTcawN2kjlIWMpOW,zTcawN2kjlIWMpOW,zTcawN2kjlIWMpOW,zTcawN2kjlIWMpOW,zTcawN2kjlIWMpOW,zTcawN2kjlIWMpOW
toYb0NpwBcx91D2z,fWrAHIQpUSwE62tA,AkYiypMbwZIc8ehz,NGOvibbFdJWASN5v,5UGUILZHkOmukv1w,bvnbH1wE1PpOnXMc,DaWGbolP48h5kqi0,nJAJd9psb9yipqbD,ew2KBAbobGJuqRvk,Fd5GxdRFxWTZalQG,8ApCNEFz3UmRkFub
bIGfXeOCSAAJx5iM,M2NEBjplJkusuu7M,dmTCANhp8PI6MBJn,0HdgJ4msDQ0OXYZw,dh8qfJ0Gw6vMZucC,xxZo7NZnC2Bw4F2J,TYqJWUEYyiTH5m2e,Bf4gu9wou6WbpBvL,PoAeGAKGH1HB9daG
Xdli8DLi2qD4pqxa,pTpK1QOzVAx2SZ0J
iJt5PXwPieCBlBf8,9NOEB9A7lFCam9KO,qHKfHeMH0MIlXkNy,6RGEhkJSNr0Pebhs,tGL2JwdpGzUyaBWh,yRRteLNV4wkc3aor,ovEXjSgsWEBSRN9M,Pc5UyKPhoRnboWUz,O8bLkjhil3VziwGE,kzkJ3O8RdIoDktNM,XA1kwmc4Nfr32wb8
PIjpvNt5otj9j1Ma,oktPguAgc3rzbhIi
Yw8jIefgqzTnhlde,QQewGvKF5JtOyE5R
WeS8KCGHlyvV72rU,dmGxys2Rwx0htovU,tTzA0TuowZDizXSE,8m5lSmXqu31Kc9wj
6C2wCzmwY93QwVDG,75u8CGItmXgcFrWM,A8TxrFCoMgFfjCA8,EdaKq2EanIMl3SVt
ew2KBAbobGJuqRvk,JbDRdlV3hRYF3enZ,yhIkeI2QTEg99cWk
X75chWU23nKygLqA,hTRnHbjyUYhl0smC
JbDRdlV3hRYF3enZ,ew2KBAbobGJuqRvk,ikkYaD3z6oGhUehV
K62xVaCNeVuXGT64,snaFoO4jBCtY8qc5
tDVphiNvVBBnxdAs,qjtWQ9ImMqvsssi7
CFRjzZGqYIYhzSsw,ypJkZywnPuafm02Y
DANRQBNG8eootAvZ,OFiT43FQ1M3G0iZH,Z469nNT5b6wkHp5N,sYoFpDviuQV9e3Vq,yvbGqSrfhDSEfE4l
vHlgEccXAxr1Ifbi,X8dVtar1IIClDs2c,Y0y9MHh69OKcTRzB
cBtnG1cEv5gX7iG7,yYaTD0lZvspVrR3z
7uPOs2FhnUkjWRKW,Q3JHakOPq6eQoKTB,j7JHEQBPnEZVBRWD
IOly7cEZgiaKb2oF,IF3cfU0qHpqO64ht,lyqFkZXwNnx97Yfc,EynsfIQ73W8MaZkL
WlkdZea9uSrZDScT,s9wLrSK1cBbr15CE
jWF1GtlgFtNfEnFx,zQb2aln4BCCLZOUM,tPlLBy5koGEiNRlA
sDScvP1HhNux9Z7g,RRsmjRTrSNXoBR9q
yjksWlkAUPZOoSB8,a7lmY4J7unci16t1
cfSRZCPELC0pRMz6,PF8v3omzpkyz8DRG
eKU4Du9eB4Vd9818,lE9b0fIRK807MZo7
u3ozF5nw3hfqUjGN,BJtMppjMgoaloodj,1WTatNOygjyNUnon,u3ozF5nw3hfqUjGN,r6OgtO1j8cNrecWZ,38WLoI6OUhnbdmbe,kUNzDHGnOutVVikm,BbruV9tIomrCYCrD,E0G4SEF4CHx8mux4,6KFih28boyR66G8P,h2qLSRo2OCqOtOoZ
9AFstobbwfmzWdtf,Bc8dDUx03cu0AAZj
0zXti6CmKFzX2jtU,2qjPOCrgf1DIUwhv
Ag2eOwChkwVpUKzH,Mq7YnXesPqqRxwDM
roiJFoCJaZk08wQ0,UPhN2oGicfCkPBcP,WluR9NMqmncCAhpn,AN071IRX7E2Re1Yz,N3U1eQ9TbwsmnAf2
SUBgzOBXBN7Izof7,j3drr0uxGc99VBxI,UjXCX3aWFgsbmPn4,wlx2pWjXsthNkb7U,oSe6wJa97ReuUCfj
LVPPdPLAT7hJYsWE,fitQ2xnVByAnXUIo,yvf7ZYwpKBRYoDum
HYMK3Vb46sM9JvIY,zkzgAjV1VHLaLL5e
noamXe1Pt21iumtn,4n86xs89idyqwC2u
AfGDcMBUuZwxcup9,AfGDcMBUuZwxcup9
tQRm2Z3iztWtzAZs,4V9YcODGH76bJdJS
0K6GomEEmLnKEPxw,Moj5PUWDdIOjMtGo,2fdtJn0Fdyms9wDu
GKHrBs1rAJNZUoNn,B3lv5LTDvtsS0Juh,kySBQA0uS8ih7GrZ,HBspo9kxX50mL4jR
l9olaQC71klclUBN,5qO4xwt8amoqy565
9HMWOlMQ8XRMcX7j,noUurd0bKpSokinR,TQTKbKmpJyTKmg8V,q79cErvHgGc17vVP,w55PSQybcyMdhjBg
fNgEhPI9RTFzzhBR,0QUFzuFE3MBniKz9,JXtRA2rqFHSuAEHA,IOAXuFL6S65kycSO,7mg8U51oNGVu8IWO
ujukK7iOW8YkT2Q8,1bsGajg2NtMnUIEI
jmJmuVWdZbzYP4vI,xAlNnSfHa1h7bnGF,7MAwYzMpf1HDXHdm
9xQ4H50NFry4yN1a,NWSq9zJCN4ns6mk3
IxxftJvqMt1IqRBa,tIaLGZVoUGwJy8QB
ZirBJLJtN8yWGMZY,e1Rz8Y8hKNSOVsbh
9GCWTwQNDosUNFJM,S5yha5dTFV4WPbBz,S5yha5dTFV4WPbBz,S5yha5dTFV4WPbBz,S5yha5dTFV4WPbBz,S5yha5dTFV4WPbBz,S5yha5dTFV4WPbBz,S5yha5dTFV4WPbBz,S5yha5dTFV4WPbBz,S5yha5dTFV4WPbBz,S5yha5dTFV4WPbBz
L3tklYxpmor3Jt1s,csWb9taZ7E6vH4ra,iw1j9JzfBU7bOaaY,ha8hjl4froK8mXt0,7T9x5hXp0cadzY7H,d5f5gPNLRpONv4Xz,GsE4jhCDGgFPstAJ,wlP1l7Xs1Ozw6CJy,iUUCivGRX2A8XPhM,XTmc8ligb4316YMB,DXVZFaXVmYBVeFlr
Llsjy4VeEWOnVw14,gPuSCxr7SiTk8hYS
wxnWK9Cfufnr49Fn,TC16VLKHD7FZXhDP,j7JHEQBPnEZVBRWD,iYB1zGzJvchlMFaz,htYlu5hPhW3i5Xbq
sbTNDegYCGSVp5ZH,RYaw2vo2I7Ltv5hJ,gjxl5G1sRIngVZvO
PkDJSKhyc9fvXc82,LiFIv6OHGxyGmFRi
qtLDk0jwvnPN2igZ,TkuqhQwWnBLQzjpE
AxiZNmt2qz3hdWza,I7NyTcV9cTV7NPUV
tTzA0TuowZDizXSE,WeS8KCGHlyvV72rU
vQP6E2gLSq3N7xvH,VbAOryvd0YGKrrSt,DGg9IbJa5swdq8Og,NKDu5AkW80mdK7e6,lOupJc5Fx31zXRpZ,213bT7gjnf6YSWR0,roiJFoCJaZk08wQ0,DuIckyjWGI1dL2EC,Xe3VLDKdsywCgM3y
g8qzRjq5qW2X1egy,yd7ZRWQdASDlmLNT
xZIMcNou3r6wB57Y,iZuKVgrboyasEPWn
GDvu1JWMeGvSuRbC,xYUP4pxmpXBrZDJk
0NmwxlggzaVZPBXQ,UKk8XO10xmMvNyIr,2y7PuQi11Qd3Esfc,PoAeGAKGH1HB9daG,RODEVy6YK1LbsdiH,vBhCIdSF3Dddwhdh,w8nAc61tnTizyNhl,OExDRRGJt6o7jkXZ,qeuDPCzvxrKD1Lre,UPhN2oGicfCkPBcP,6kqhuCara6sJIRLs
dh8qfJ0Gw6vMZucC,bIGfXeOCSAAJx5iM
hvo8cyiTsoRKIvhM,bGY3R7Io90bP3dAY
GBsSuIFxpYCrdNCz,ZPafL37AAyyw7wtQ,YxOSnhZTSLfkRByN,fFVSS31alrKBuKXx,c8zSEqTxiRbBclst,7kz6cKX0Sd8vHrqR,kOAoqnfhxPkYaBiN,HzoebNdlDvAYxyLH
FLZ5AoIfwEWitxwO,oSe6wJa97ReuUCfj,H8UFriGT9E5Ai5B0,UPhN2oGicfCkPBcP,SUBgzOBXBN7Izof7
VhTeVBfgUEIZ7uDE,jJc4lOFagxVPgB3D,nWQWfCoi1or0skfP
hcZqQga53px06nSj,RYEC0toeYw9EKlKs
xHyBTczak1UVkdVT,yaqwUM68c6Wa2m50
bZXfkEgj2DjtgGM9,CUeXTpXx45V6mUya,UBmo3fr469YKyiuJ,XCTORSF7fssZYj6R,12LrLrRSy4WPY9D0,JNMQWbzYO3C7xxEJ,GcKLdmwqldS4bIKb
wBSN8i01gNc9cmwL,uYqyHqF2784RENAc
s8SGLnBVsuY3F9mR,Ll6WGUJJhgEB7tZL
RMkZPm6vZTQztDnf,W4KC4I58rP0eJ1kC
OlzfClO0NxfXSunk,jWF1GtlgFtNfEnFx,8uXW0DRmzpTdoKVi,i4LQp8kunqIMUKQC,LVPPdPLAT7hJYsWE,AYgvkwGo5zD1u94C
Wrg4kfIVgSaGFQZK,RUkY3WGAxOBgGP1t,kuHfLSLGLfRiVcvr,qRqFBc0ROdyz7dSX
UpIa1fSuiiDcGBUq,AQCPLzcZK1SJigtC,Z7xIqXxXg4cAqjqu,7nEWSKw0ulJx5wZd,nCLxHcQlhPqDAwNx,TTUrDIZY7tb92BkN,6s25kTy4CzjYeM4B,Bj7rOYW05XIXEHRA,132aV7Xkvdy5cd6Q,O6cAolU6GUXCSC78,8q4JIWZ1UggGwjST
j0mnsUz1UqX0EQGB,FKLoQmxLYTLeGkaC
8HLvnqcIbFSWn2kR,0kovqiKgjwk2OC3l
0pkLQoN7Dip9kugs,RblgNE5qRUntMePD,AovM6chx8hIV3vkg,sdRvwf44BaAS4XVN,bmj0LSs9tw5dy0Dw,dJvRe63Wjiy1F7JV,FXaXQkgIUciwi5D8,moGRULQEiszTzoLQ,pt89pPGDIvNZS498,H9qyBBQdocbD6kNV,dj7NCfXj4G32Q5Y1
fEIr4uKWCk1vKrBz,g7uq3JClagVpdQAI
1SVd4GA0TefrGdl4,UD7KAeDqrSUCtTJ4,QrqEiQRfpDzZgQWL,7kz6cKX0Sd8vHrqR,qRet3SQuTOSDH1cm,IBmYnV4MNdGTEepP
bvnbH1wE1PpOnXMc,DQ5ZKTxr0DPL8PIS,fWrAHIQpUSwE62tA,uYqyHqF2784RENAc,toYb0NpwBcx91D2z,DaWGbolP48h5kqi0,5UGUILZHkOmukv1w,8s0MBBfp8ih1aIVq
522AlSMApXLBxZqa,0vmdZz2mcGhUej88,OsAahqUf3qVrERrJ,2kwY2AWPomnryz9x
H9qyBBQdocbD6kNV,H9qyBBQdocbD6kNV
5rzMj5VUtwHNjizw,6s25kTy4CzjYeM4B,9NBX1IiIVs4NbVBV
N3U1eQ9TbwsmnAf2,roiJFoCJaZk08wQ0,AN071IRX7E2Re1Yz,XPXUBNhzFjk8QVeo,IchazGCAWY8QQ4YH,PJcqz2ru3PO7brdb
Xe3VLDKdsywCgM3y,wql9HMH8iCukLXzm,AovM6chx8hIV3vkg,dj7NCfXj4G32Q5Y1
3s69ig6TgshSzGYN,giGvUHW4SELNkZEX,Wg3rUEYRBx0F2YGF
iZuKVgrboyasEPWn,xZIMcNou3r6wB57Y
y6DdwpYCQLtD1bfh,V49PQbGckv3yR6Da
XPXUBNhzFjk8QVeo,kJtEYdF1Ztn0TK10,UF7Dpd9To00KlSH4,mn11ut0Ph2ghlyjs
TYqJWUEYyiTH5m2e,dmTCANhp8PI6MBJn,dhx3S6Dekqi1yBGA,5F9cP897ovQcClQ5,AVfG8uch9OygVtbg
s9wLrSK1cBbr15CE,WlkdZea9uSrZDScT
50pvx9enSMd6gkrH,x5UqMcYVruf535F6
jYaVNmpTHrvnCv7A,M4DOlvkgxJetAo7F,lbcX43tyOR8tnBtY,ZHrF4mHxLs2Xo3Nq,BmcR2nxQfyixLFSj,JN68v24C63w29hfh,CG7Un5GxiEF7zBHp
pkpKSYKo60QtsXF9,DKgumMVGdIteBPC3,iZuKVgrboyasEPWn,Jmfd8aNjljiP1ceR,XirF8w731jiLrcvq
pwYUzC0RfiOq2Cbm,rrZNyv5NrMYTdxKS
Ps91zDVlnaKJKPsG,FJVMl5hlEmNPzAq5
EQ46UrQRDvOQh3jj,XXio2gpEgRcUqk1j,6s25kTy4CzjYeM4B,bnAunA79NJrYyTOR,snK7c30THD6Z5O7R,E3MIqBro58vMbyLV,SQn3aOzxvuRQrYxG,7sTQEkL1lrqGyydQ,sHIJZN8u8ExKsOIF,N0HywVfuYIBOsFzW,vmczKqgJKJEWEU8K
v4D2aDHaygOxwkCK,evieCVRlgFLUgI4G
bdF3rM32igTxSGpG,G5fUtCm4nvRug134,dFCZ2Kd10CZ0Rkh3
qlNUHyq20ywz5hN3,oAc1x4AYXw0EOMMv
XtxUeFvhfxKmS2yt,kOAoqnfhxPkYaBiN
eTVlgpfcx1k5VYvo,QBzfMB4b7gEhEiqa
U4QPoqi4DUPTrQUu,Hsjie0cXB3BVhEKe,sZkkCOmEUob5je0D
xYUP4pxmpXBrZDJk,GDvu1JWMeGvSuRbC
GUVUedUrWYFZqLnh,W7civ1lZAEsKSqMe,pJvRDVPDzjjN5yyA
TC16VLKHD7FZXhDP,Aw4Ns6xcLaNkfyk4
80mgIcf9mn5cROCC,kxiLswmv7gjxqWvy,PvDGSRFdfWePNMp8,kE8B1KJVR3EWA6pk,pkpKSYKo60QtsXF9,acXFloLYdjIYgV5O,AP9CXOrRLUpjLjEk,pkOnhvJWNCWYHwQx,VmmkQxx6OVZdJnNK,qL5cz4BZRCsNv7Jg
kQvwD05Hg6CrOZPl,UnINIz4XBLfPCXE0,ATNECR1Z5yjxld7S
cNip54fHBthq3xkI,f5OsbS24bLYT9PHh,5XQvLvptKpeoPFYn
hfHCqc2G44yT0WKS,BvLv3T17BNafE3YV,8PhI9CnAu8wtwQDa,JilwvpUvd5qPKkMh,FLZZveK15QKC5dnU,YudGNR6Mbb42yX7Z
ubbXUM3drPvuqZF6,3KN50OZeoWuM9HzD,I9LyDLi5CoUR68br
ioXgKQ0ZlUQtOdgX,GBsSuIFxpYCrdNCz,q79cErvHgGc17vVP,5FBGXPRpLqBvyFBy
pTpK1QOzVAx2SZ0J,Xdli8DLi2qD4pqxa
ejDBRzAowqVZfgbd,DGg9IbJa5swdq8Og
81FTREJB4pghwAzj,ux0pyMqvWxL2BhjR,0HdgJ4msDQ0OXYZw,gZD8qfM2LKId0Gp0
eT1bAY4bhRIKcPit,z01WDukvFRhcaIoE,wktYhHpMC8NbCtN1,kmw5TuISzTrWi0jJ,Uq6iJESJ2rxvO4F9,AP9CXOrRLUpjLjEk
7cThF3QdFCw5Rodt,Jgey7Zh0Ier6w84P
213bT7gjnf6YSWR0,At1d0nXM3cgQE4DC,RyjSqX2JW9N5rG79,DWohOTD4xZb0LWDA
ptq8gzITsFuUVgLw,u3ozF5nw3hfqUjGN,IyCP5bKaevqJBBHX
zLSh8I563ZVv60hZ,8qHKdBWvU7iaKcGp
3CMhxc8jonkdPfRZ,ssVGshrVEajo6yOz,FbYxQdVmeztrPalO,bIP9u860K1PROXpF
A53WRhj9e6gj0Ryu,NlpUgYLDEJss6ht0
UQHgJ8e8b6yRMXX8,yRfVARbPrYrJ6ojz,ZDxEfa5xAXwpsyM1,yhIkeI2QTEg99cWk,yDKpGV4mabTxwi5L,ew2KBAbobGJuqRvk
DWohOTD4xZb0LWDA,cBtnG1cEv5gX7iG7,xO4w27vD0QFFRIwp,DBfZN6qMvfXuFF58
oAc1x4AYXw0EOMMv,qlNUHyq20ywz5hN3
7sP35bm1Bm74DnhW,zTcawN2kjlIWMpOW
jhd3oiTmP6vbleZd,XdF7YIiOM5ntGRuJ
8mO7K9VlDykTlIYl,YxOSnhZTSLfkRByN
RBqzWPBQOhhzYjht,2fXz21cxZjiosLb6
LEtuPQsKQYirveOU,3KN50OZeoWuM9HzD,I9LyDLi5CoUR68br
W4KC4I58rP0eJ1kC,RMkZPm6vZTQztDnf
kOAoqnfhxPkYaBiN,XtxUeFvhfxKmS2yt
6WMNpJwhVONlVUSs,qcjktQ1i6kgTjKJb,zthicFnWaldqIoUM
RxSCL3njw8KGadOB,2QmsX1fTJPWqDo1l
sQe60Ul8ZMa6PNMk,r5Lf43k3lI30hD2l
At1d0nXM3cgQE4DC,zQb2aln4BCCLZOUM
RZrwYaVIKIV6IQJX,lc098iOIv9wjZXTK,sQe60Ul8ZMa6PNMk,BW7fStliRtMEDdRF
VsrVqCr0ghyCA2tY,i4LQp8kunqIMUKQC,x0iK5OrxWnGhAOmY
GxbLIhQjvMvVBRpL,OmVXDU5VB7g1BCsj
DwJB1GDX927jpl6r,O64eYq4msWAh8o64,u4kyyabDoHsaeW1S,lPe7BAqNNt0rHlhg
AovM6chx8hIV3vkg,wql9HMH8iCukLXzm,Xe3VLDKdsywCgM3y,dj7NCfXj4G32Q5Y1,TsCl6CKEI4qvzBRD,17JL7mxaDqtc1gpG
a7lmY4J7unci16t1,yjksWlkAUPZOoSB8,MlHqajqXUhF33IWN,6NS3rEq7cooVXODO
gj58pVLop2CILFEg,JMNVuWWGru0SQKKx,EfHucsCETVF9yjv5,cUjRPf7VMrQOWrFH,yTPGaFO9Cs11f2dL,kPQ9k9aV2R8OY8SQ,vVa4SwYrTXZSAWpw
yaqwUM68c6Wa2m50,xHyBTczak1UVkdVT
PdFDNHnaa75HLFd5,UBrQQk9XcpyQ8Nue,KuS7VNSUFozp9zoB,n0qoqkFfUlxTbGdO,5k3se2p4T4Lct1Mn,vfuqWGoeD49JzcVU,WjM2xEOD9x7Jgh0D,2N78uocFTi80Boq1
NAgCLzzNbhC5BUnc,HbIorCvzX3dsQP4d,cdw30BZwmoFFg267,CJyCzKQ7foyL7Q30,VkzvuyPpJ5TazgfB,QF5Qkk7V6Xy787Pn,owOT0V2zVP5DQbnt,8uXW0DRmzpTdoKVi,g9a3KcfJsLXg5a0B,Cq6VwozJFU0eUUG8,BLqwkV8WzGeQV8NX
n2jCLPPFI9jbKrYB,camPpaIeI7TWIQ34,JV4DB95FhjmBb5Jh,nxIw1DnGLFZyEeb1,aAjcJIL5iI4pUBu6,r0RFDruayovt2Rse,asaJxoxa811Hs7x7
bBjkj3XpaKsenWmJ,uB2OlmpBjByBTMgM,iq7SQqxdm8lDrJtC,iO8vyq3NPPqhGLWj
OhirO9Rh68deCKqB,kswHQAstaPeVaJ0S,yMYRA1PnL4A0nsrw,78qsKnmqmytzKqmL
78qsKnmqmytzKqmL,6c32FALMeWewraoc,Y0y9MHh69OKcTRzB,NhG9cTRMWaZuINLw,wL3EPTicslEIdWJh,wxnWK9Cfufnr49Fn,W1wsgAIG0uJiMlWg
jnaQECgbqIERpECL,JtDqkIW5WWOpHukK,xMFDqcB0XO9a3a4N,UF7Dpd9To00KlSH4
XXio2gpEgRcUqk1j,EQ46UrQRDvOQh3jj,on1whwQGrUbWC1km,nCLxHcQlhPqDAwNx
u4kyyabDoHsaeW1S,WvgHO89PCs0BCE3j,4JIQobXspgevZadk,DwJB1GDX927jpl6r,v0bGuPFwtCU3NaVL,lPe7BAqNNt0rHlhg,z1c2xGVXvYelSU35,yo9JidvANsj6AZ53,VSFuyIbySmQGxO12,VfF0AougY6QJFPMd,u28ppdIC2pajP248
s0y5qPQNlSkBUpoD,5R7YutFTqqufVVFI
hRWNef28iSzLbaMj,fCnaVmpXD7NfQHxz,7RSEoJ7PwDWa69Zj,FxesXsevPKiXaUaY,urYCK8s3FNTeuFdC
VkzvuyPpJ5TazgfB,CJyCzKQ7foyL7Q30,kE8B1KJVR3EWA6pk
dAvhuw1bhiQV18vJ,9IYeYDFFFmzkjznM,Cw4BmGRvUSfMBOwE
ZHrF4mHxLs2Xo3Nq,ekytRF1q3H7N5sGP
heab2lnqCqFecEzH,Lj7QJndrZrmLW3yI
2QmsX1fTJPWqDo1l,RxSCL3njw8KGadOB
M0f1S1ds0esOxEgj,g7uq3JClagVpdQAI,g7uq3JClagVpdQAI
Z2z2DRGdlRw9wrhf,s9SwG0TLEKTP5mOQ
q6b9TiFJr2CBu5Kg,d48qsMVaapjTXvVv
wlx2pWjXsthNkb7U,j3drr0uxGc99VBxI,UjXCX3aWFgsbmPn4,SUBgzOBXBN7Izof7,oSe6wJa97ReuUCfj
DNytEh1gKnEFIYay,B3lv5LTDvtsS0Juh,xO4w27vD0QFFRIwp,SsG7vw5vyI7iD2Am,LvGVr14ORGLB02FU,68fdL5ttzQLbdxtq,SxTgZBkxlKQMgTq5,VRhVdTMn0mTLxNwQ,jhVr9aHyNDHjQcMF,thepZx10U9wYeHcE,Ywo853FMdA1bRNcD
zTcawN2kjlIWMpOW,V9WaVsvCut8tUkWR,7sP35bm1Bm74DnhW,fypw4LIM9NGSpQfH,fjPOVs3l63rumXoG,9zKixtdvq1RKWbby,ynhyNqI87TMoArKO,SIZBClEEFffOdK6P,xvml2knjY8Aq6a2n,fOSHDAFYcfylMHuX,c8rdwD3tOh0aQ1K8
9IYeYDFFFmzkjznM,dAvhuw1bhiQV18vJ
HQaFbBxPJqwSM9vz,e1WtWBZtKSxtu4Il,SPYja1n1FPCJDKY2,DP3QJBWIbOf5JKI6
iw1j9JzfBU7bOaaY,csWb9taZ7E6vH4ra
on1whwQGrUbWC1km,nuYlyphhfzRwgsvY,9t70R17fw257rW04,tQ1WvczrNJ9euZrE,XXio2gpEgRcUqk1j,FoxPWQzTy1PrmSc0,KzubSFMHDqypRtXa
csWb9taZ7E6vH4ra,iw1j9JzfBU7bOaaY
noUurd0bKpSokinR,9HMWOlMQ8XRMcX7j,4JIQobXspgevZadk,zcSvpqaLsHoIuvHE,xbPm9FXYxjThw9MY,s9wLrSK1cBbr15CE,V5yDz41MQM4Q1nEG,DWohOTD4xZb0LWDA,himIjdQs2xatC60Y,80Wc7OKcggp9ISnM,Yw8jIefgqzTnhlde
nvETz4bbcGPKGRrc,2fXz21cxZjiosLb6,iBkYRkQpOTJr0Z88,wBSN8i01gNc9cmwL,2ZrikLlyIJ0qxo30,xbPm9FXYxjThw9MY,yhIkeI2QTEg99cWk,RBqzWPBQOhhzYjht,8ApCNEFz3UmRkFub,NjqHTVGGWcMyNQYb,2fXz21cxZjiosLb6
jJc4lOFagxVPgB3D,jOdrwmAHyfRHFfi9,YX0pQ01ZN0tWscJ2,VhTeVBfgUEIZ7uDE
jASF76GMRIAXdF9w,xcyVKsQMVx4CTV0Q
c6mZ65C5bvcjotMc,nzQfztxPsCkXUo3c
4wZg5CKo2FCWdOSj,5ULwlsxS9PgWIgzf
nxIw1DnGLFZyEeb1,YQr6Ynl01SEBO17S,asaJxoxa811Hs7x7,r0RFDruayovt2Rse,unoxxFTXVC5Ul9hI,aAjcJIL5iI4pUBu6,QXSSJxgNRJpaOqUt,n2jCLPPFI9jbKrYB,camPpaIeI7TWIQ34
j9DX2Z2LEh6125hE,dKup8Kip0EZTKXOw,PGnny52APTDHrPtj,GFggRWt7tErvupiz,gqiKjCc3zEIhaIvJ,lBZK5ud1D61GZF7h,am6YAZEG6ykOGXHF
tIaLGZVoUGwJy8QB,IxxftJvqMt1IqRBa,S5yha5dTFV4WPbBz,9GCWTwQNDosUNFJM,g5UbyWWW8xAvY03I,5yfqrJRF1NAbPuxn
GDTij0oDySOHORDq,5oLhUcGUcE0h0z74,JW95a9BKirIgcRnC,DM1aQskrhly6JsjO,ZhiEUclbcmPr9GHI,SPX9WbxIjIYUD0tV,VJHOIWIirc62kRt4,TAbWiD9hejYoDLBb,YDxOljkyqo46xKJz
dnHFVoJB9Tpikgbi,c4OORwengnR1TtGy
acXFloLYdjIYgV5O,MemZUrR6kR7WhYZ4,eVFOFAb9r4J0Es4H
2u0tvFhT55rmFa8S,yYaTD0lZvspVrR3z
acx4XujYnxqlBeni,2E3npq1ru3XA7eAr,a4lrVOWjHPd4HUIM,jWF1GtlgFtNfEnFx,5QkN6nKFjcKz5mpO,OExDRRGJt6o7jkXZ,Jmfd8aNjljiP1ceR,cw8AXjpJK3ul8QWU
zzHzoLfK5ZOkqc0l,Z7xIqXxXg4cAqjqu,8q4JIWZ1UggGwjST,wlx2pWjXsthNkb7U,noamXe1Pt21iumtn,SUBgzOBXBN7Izof7,XXio2gpEgRcUqk1j,dJvRe63Wjiy1F7JV,yYaTD0lZvspVrR3z,fQtEW72aBM8XynMt,tfFWGD2Tp18dtDT2
9QQWZHrnJM2jByvl,nJAJd9psb9yipqbD,Sh0L2foRuGVKItSr,IkJcOSBCq7Mi7gN4
xwNLbMvgs9Mm327N,eTVlgpfcx1k5VYvo,FKLoQmxLYTLeGkaC,3JoHICOe6ZbIqTQ2
JtDqkIW5WWOpHukK,jnaQECgbqIERpECL
3RvegN3hZD0di6DN,MmNBuzFsy08fSf8I,RxSCL3njw8KGadOB,oq3Key1RjmaO2RsW,Oj6cyxs7ZYg1O8vA
HzoebNdlDvAYxyLH,GBsSuIFxpYCrdNCz,rMmbdJQCbXzvfsfA,seL3xNj1ao3fCEoq,CSGNRaSflsIJqJ9T,gx5tV7u9KN2NBm3M
yl2P6p608CBeXSM9,pFYaseplvHFztyMy,V4Gfr9R1c7fLz54L,tfFWGD2Tp18dtDT2
6diKoSOzkEkw4Pzw,DKgumMVGdIteBPC3
UllV9bJXSWnidaSq,FbYxQdVmeztrPalO
VXElRETFTNX8rMDt,CD8RZSJ73kuHH9Iw
Sk4wu4VXqFZcIjzL,I7NyTcV9cTV7NPUV,tQ1WvczrNJ9euZrE
WL3EVaqZxb6Mc0bZ,xqiNr12PqyACcXxC
Lnkw5FT5FmlOIuDl,pNsyy5MBbkYLZpRq
aAjcJIL5iI4pUBu6,asaJxoxa811Hs7x7,r0RFDruayovt2Rse,QXSSJxgNRJpaOqUt,unoxxFTXVC5Ul9hI,nxIw1DnGLFZyEeb1,YQr6Ynl01SEBO17S,n2jCLPPFI9jbKrYB,Adxtoh6PxTHMlcXi
V5yDz41MQM4Q1nEG,dJvRe63Wjiy1F7JV,BR8xOoy6d5B2X0Wo
qMgPfqr5Ltc2BJC2,r3Ay60ujaLWqh3f6,k5P2TLoFPYHPOPtx
4TxX1YgA09Gl3u05,XLtCU4fv4wEhK3uB
COfRpzwZVNfYxygp,5Ob7tfvVp9Q3LfW7,DGg9IbJa5swdq8Og,XPXUBNhzFjk8QVeo
GZTdlLrupBT5BEhG,g9a3KcfJsLXg5a0B
CSGNRaSflsIJqJ9T,w4NUfuVYXVYhgQX0,wYzAWz4Nc9xDKLdm,seL3xNj1ao3fCEoq,HzoebNdlDvAYxyLH,vrSqHAiGiUI2IFIM
yDUixu7RUGRm6eRo,OJ4c9FatfPOgDGeh,f5QcTNttHZ0c6bmB,q7wgEv92VYF0KysH
JxIlCT0SOyMTYFnf,O2QIsOyWIFCstmj0
4bzUnTXknzkGMaE6,yTPGaFO9Cs11f2dL,RRZKxazSFUhhFQeX
wsgdFsH6wyBdyO4N,bmj0LSs9tw5dy0Dw,iqSBZsM55X6dxfW2,dP0mjH18OyQ9Uail,aPoyATy9jrdY0DeD,rk8uJfDvXo4mhkFP,gdD5RAJc1Y2LPjsi,18k0Id7Uz5mUmBv0,1y2mLgeRis84Z0Jw,yMmntvDoz87NHNl8,mJTVtH5cwdeMu0R6
zcSvpqaLsHoIuvHE,4JIQobXspgevZadk
HG2hBFehnZ2WqxqQ,mdoDJtBL1tPoHbkz,qcjktQ1i6kgTjKJb,1C04Ck4AP9xH0YgW,kE8B1KJVR3EWA6pk
X3rPXZvPuVeK2bDz,icUjeHxcsAt8W00q
lOupJc5Fx31zXRpZ,AfGDcMBUuZwxcup9
56RULXEH7R806L87
fx7B0GIBxY6XRLsY,zYFNjwL0K9DF5LCm,oa9bmhR8SedlZTx2
JwZ7guJu1RLmmc7F,GCR7touDC99lVwMV,3Y2BhglfxXC5NonU,kmw5TuISzTrWi0jJ,RtSt5gkkjTxv9PDS,ak4jdmcN55IM2rNW,iZuKVgrboyasEPWn,2fXz21cxZjiosLb6,nJAJd9psb9yipqbD,w5SrOC7Gm2BaYoPE,HQZf7SQCwF7Rkd4O
Mq7YnXesPqqRxwDM,Ag2eOwChkwVpUKzH
UsIvIL0bP3fHcZzV,ekhcwl7GYDDfV9EJ
cm4MmfqTJ7DFhsoS,2Bm2FPyvejeXRqB2,QJamvIdX7t8gKu3d
lQalv4DFNlnd0Dwl,75u8CGItmXgcFrWM
H8UFriGT9E5Ai5B0,iA4SBV4HpSsSrdzd,oSe6wJa97ReuUCfj,FLZ5AoIfwEWitxwO,SUBgzOBXBN7Izof7,tlf2BwcklbBv5IvE,YxOSnhZTSLfkRByN,UPhN2oGicfCkPBcP,2kwY2AWPomnryz9x,cEvMTze5YihULRIy,a4lrVOWjHPd4HUIM
IchazGCAWY8QQ4YH,zD3IOey9FFJtODf0
qwgjrCgKWAnClfF7,xa2wlfLtl8uMQCfG
FbYxQdVmeztrPalO,WszrxZcpg8oX51lE,UllV9bJXSWnidaSq,2sYjIjwohCl3F1bd,w4XFz9StjrpVn4jc
IBmYnV4MNdGTEepP,W1n1uJk5e2tpnrGD
lPe7BAqNNt0rHlhg,DwJB1GDX927jpl6r,u4kyyabDoHsaeW1S
zlQjyNxwWztt35he,yTPGaFO9Cs11f2dL
oktPguAgc3rzbhIi,PIjpvNt5otj9j1Ma
oWFwdXvHQ7JlwW93,ATNECR1Z5yjxld7S,n1EgShkAWJtjD1tI
RyjSqX2JW9N5rG79,C0Q7wdPbCeVQA5UG
OtNZubXoNphj7Qsq,vMr1j4SIwd9jHCV5,9kLYiPQXhfsuF0Sh,UTETdps8sxEr0QAb,RUkY3WGAxOBgGP1t,mB8K2KW7IXGCFfMJ,JsLqNp9f2TgIFQKk,tNqFr801VmpRsh07,M3rv1h3bFTjDVbb4
WqS67kyu3CMyey72,lEy8Acl4r4gKdlFz
DKgumMVGdIteBPC3,6diKoSOzkEkw4Pzw
nJAJd9psb9yipqbD,NGOvibbFdJWASN5v,toYb0NpwBcx91D2z,ew2KBAbobGJuqRvk,lRPo6EQDg9eOTB8E,mIP1UvjXa472cD5i,O9UCjbs9MdC9dmDH,9QQWZHrnJM2jByvl,pEXVyc4J8Dayr7ww,mX2Y7eNjG6JX3bMH
5R7YutFTqqufVVFI,s0y5qPQNlSkBUpoD
fOSHDAFYcfylMHuX,zTcawN2kjlIWMpOW,Y95J76HAY4J2qVH2,H9NFQUVnmvagVaDj,niNxQOXTF8z08M3z
3iPgT5y0YwBd9pmW,pBgKokhcDW5BBhdF
AkYiypMbwZIc8ehz,3KN50OZeoWuM9HzD
6iKZUWrKo3w26g0y,htekKpoClZG2sfon,seL3xNj1ao3fCEoq
fWrAHIQpUSwE62tA,toYb0NpwBcx91D2z,5UGUILZHkOmukv1w,uYqyHqF2784RENAc,RODEVy6YK1LbsdiH,bvnbH1wE1PpOnXMc,DaWGbolP48h5kqi0
w4XFz9StjrpVn4jc,WszrxZcpg8oX51lE,qr8dBLRmyHDImkAB,YTGb5y5HoZSAbuJ3,M092FGdjbxRZONyk,yl2P6p608CBeXSM9
uSeMEOaPMDetfgpb,NZhD220n51ZzTnFL,NYKTpQCzuUV6QXKN,jWF1GtlgFtNfEnFx
5XQvLvptKpeoPFYn,YRKSu5eBaZ1H88ni
uYqyHqF2784RENAc,wBSN8i01gNc9cmwL
kxiLswmv7gjxqWvy,GZTdlLrupBT5BEhG
4JIQobXspgevZadk,zcSvpqaLsHoIuvHE,Hh5nj3FHkYNMA2fZ,hgrMqjUCMsfS3gth,gsqpcYOd2OpzlZzz,4f8bkXUgcBaMm4UN,hr6JjaCWoT4CttTn,d48qsMVaapjTXvVv,3iPgT5y0YwBd9pmW,VKR87YT22ZI998b1,noUurd0bKpSokinR
fFVSS31alrKBuKXx,wk1mdtBQhJ5eetYy,OhA2XZRux8YwHXJs,cNip54fHBthq3xkI,W5k9OIsSCCqdqXme,1rqhlIqZNx8A1e9Q,FBsdz1HsD70UFXcm,jMTmCp6YiNBoLPa1
uAC2UP8AG3f0fBPY,ObCxjEWgWjMs0Ha2,q7DTIIXfqT3NUD9P,2fGiuSO2sKLkJm3C
3WAvCyuuqKN2ngb2,R15FwNs2RLRzATHT,IkJcOSBCq7Mi7gN4,BaGqX0riD9jH6sx4,lCWnttV7vvVM3hC3,3KN50OZeoWuM9HzD
UPhN2oGicfCkPBcP,a4lrVOWjHPd4HUIM,h4zkeX7ON7ytfijk,pt89pPGDIvNZS498,OnUhmUCW7WPHYQpN,H8UFriGT9E5Ai5B0,NZpwUlDMU3t70HOv,roiJFoCJaZk08wQ0,oSe6wJa97ReuUCfj,FLZ5AoIfwEWitxwO
yYaTD0lZvspVrR3z,O8UbuVdE9tQv8m5j,vIACrqiKA9Ikm9yI,tF4dhONQwYttk2Do,imIDgE13EmawSOqL
vPZpSVJaujwcBSsx,pEXVyc4J8Dayr7ww,UI5prlQMmDz0LbLy,14thQqP4TSl016RT
63RRVF7TSio9s76B,f5RARGoK0FNOOqya
c8zSEqTxiRbBclst,GBsSuIFxpYCrdNCz,IGHv8NuJ2bynxvhx,mdOy1axseLD9MYG4,vP48Ht5EP6cIACiw
QXSSJxgNRJpaOqUt,aAjcJIL5iI4pUBu6,asaJxoxa811Hs7x7,r0RFDruayovt2Rse,unoxxFTXVC5Ul9hI
O6imR1M6d1lMOKUy,G8YZqNcK74HzQdqk
S5yha5dTFV4WPbBz,9GCWTwQNDosUNFJM,5yfqrJRF1NAbPuxn,g5UbyWWW8xAvY03I
V9WaVsvCut8tUkWR,zTcawN2kjlIWMpOW,fjPOVs3l63rumXoG,ynhyNqI87TMoArKO,9zKixtdvq1RKWbby,xvml2knjY8Aq6a2n,fjPOVs3l63rumXoG,zTcawN2kjlIWMpOW,fjPOVs3l63rumXoG,zTcawN2kjlIWMpOW,fjPOVs3l63rumXoG
9kLYiPQXhfsuF0Sh,OtNZubXoNphj7Qsq,vMr1j4SIwd9jHCV5
VWzFgD4Xcaek0M6S,w55PSQybcyMdhjBg,BLqwkV8WzGeQV8NX,3OuIV27raVIoRCmO,4V8klChv05wxtD0D
I7NyTcV9cTV7NPUV,on1whwQGrUbWC1km
Tf7SZId1TJN5PXOk,bgQCRfgmRNJ372qa
ATNECR1Z5yjxld7S,oWFwdXvHQ7JlwW93
kWfya0mxoHSsAapQ,AxiZNmt2qz3hdWza,kWvOBiuUQvws6Dwg,YGf5ToRFZGg4mjYs,RX9FX3f9AGidgzOE,nctQZ4iB45wTlg9g,ioorPH5quYaXLRV5,eTVlgpfcx1k5VYvo,a4lrVOWjHPd4HUIM,W3NOoDcoJYsywLnX
AN071IRX7E2Re1Yz,roiJFoCJaZk08wQ0,N3U1eQ9TbwsmnAf2,WluR9NMqmncCAhpn,h301tsoe9agBtUMu
7OiJC3z5spMj1AfP,cHNISmbxPlc5P7vo
N6zYnqZlKenrZR7X,mVCzfHELNno1tdAR
SKd0ZRCQoS9vTd64,dWosiLopsvrNpRha,80mgIcf9mn5cROCC,W7civ1lZAEsKSqMe,PvDGSRFdfWePNMp8,sbTNDegYCGSVp5ZH,RYaw2vo2I7Ltv5hJ,vkursX7TGq0MXtv4,L4csMMlEaBdxCk4m,pJvRDVPDzjjN5yyA,EUQf0UDX5N7g0Z5v
mViiUM5sz7FyDrEh,Jd9aWYMtvPqo53kv,yTNFF3SKymlvtVHS,jJvJZ9xGfM5IWzvN,8eFzURhVMZ8nhfPJ,dhx3S6Dekqi1yBGA,UQ5KLFF9bBVkQHQN,Oj6cyxs7ZYg1O8vA
c29gsvTNKjfDHqGz,Z4Ggx0GJy1Md5i0v,UPhN2oGicfCkPBcP,0HdgJ4msDQ0OXYZw
xMFDqcB0XO9a3a4N,jnaQECgbqIERpECL,UF7Dpd9To00KlSH4
vY85bV92sj2Dg2QV,FmTWIXyUpiqn38fC,TWFIIbDX2NM5T2M5
RRZKxazSFUhhFQeX,4bzUnTXknzkGMaE6,yTPGaFO9Cs11f2dL
6tsxO0XT4EyNaFBM,O8UbuVdE9tQv8m5j,YU4fPXZki40ZCM6U
gqiKjCc3zEIhaIvJ,j9DX2Z2LEh6125hE,am6YAZEG6ykOGXHF,PGnny52APTDHrPtj,RJqu3DoIV6Yf7fA8,GFggRWt7tErvupiz,HUqNMIWQhAAiNS37
lEy8Acl4r4gKdlFz,HBspo9kxX50mL4jR,WqS67kyu3CMyey72,bYV1aPRg2yK9cA89,56RULXEH7R806L87
tBr6I5IXRBte7GID,DuIckyjWGI1dL2EC
lLxhoKBowI4NHEXB,bPunIohXg5FJFKOO
yvbGqSrfhDSEfE4l,DANRQBNG8eootAvZ,OUwa3aOnt3hx1JkG
e4tTjx2hMYAGADQE,UDnliz34FmJsf17X,q71lsafDxDriOwI7
a4lrVOWjHPd4HUIM,h4zkeX7ON7ytfijk,UPhN2oGicfCkPBcP,hgrMqjUCMsfS3gth,JkvXZ3icM3OUyx0z,pt89pPGDIvNZS498,W3NOoDcoJYsywLnX,OnUhmUCW7WPHYQpN,H8UFriGT9E5Ai5B0
cDLTlwUgxGy6EpoQ,3KN50OZeoWuM9HzD,K62xVaCNeVuXGT64,I9LyDLi5CoUR68br,ubbXUM3drPvuqZF6
3KN50OZeoWuM9HzD,3WAvCyuuqKN2ngb2,1bsGajg2NtMnUIEI
MtKwhiuDzO6153S4,rRqnm30xB3elpQk9
rrZNyv5NrMYTdxKS,pwYUzC0RfiOq2Cbm
PxOMfk972eCA9aNi,wql9HMH8iCukLXzm
xiO040OTc9ejVzT7,HbIorCvzX3dsQP4d,SVOJHf37op2OC2eO,fH03YFP9TEfCcy2P,x14fjp5wszxWlIQo,Xdli8DLi2qD4pqxa,ia958JvpQzco1sNN,GOhAspUvs5FsnXDx,u28ppdIC2pajP248,SUBgzOBXBN7Izof7,jWF1GtlgFtNfEnFx
9oQz1UpI3w2Hjgb2,d48qsMVaapjTXvVv,hr6JjaCWoT4CttTn,gsqpcYOd2OpzlZzz,s9SwG0TLEKTP5mOQ
camPpaIeI7TWIQ34,jsApihXP5HohZpP1
